Team,Week 1,Week 2,Week 3,Week 4,Week 5,Week 6,Week 7,Week 8,Week 9,Week 10,Week 11,Thanksgiving,Week 12,Week 13,Week 14,Week 15,Christmas,Week 16,Week 17,Week 18
Arizona Cardinals,,35.09,,,,,,,,,,,,,,,,,,
Atlanta Falcons,,43.48,,,,,,,,,,,,,,,,,,
Baltimore Ravens,,80.39,,,,,,,,,,,,,,,,,,
Buffalo Bills,,68.55,,,,,,,,,,,,,,,,,,
Carolina Panthers,,60.78,,,,,,,,,,,,,,,,,,
Chicago Bears,,69.70,,,,,,,,,,,,,,,,,,
Cincinnati Bengals,,45.45,,,,,,,,,,,,,,,,,,
Cleveland Browns,,23.81,,,,,,,,,,,,,,,,,,
Dallas Cowboys,,68.55,,,,,,,,,,,,,,,,,,
Denver Broncos,,58.68,,,,,,,,,,,,,,,,,,
Detroit Lions,,35.71,,,,,,,,,,,,,,,,,,
Green Bay Packers,,67.21,,,,,,,,,,,,,,,,,,
Houston Texans,,58.68,,,,,,,,,,,,,,,,,,
Indianapolis Colts,,28.99,,,,,,,,,,,,,,,,,,
Jacksonville Jaguars,,45.45,,,,,,,,,,,,,,,,,,
Kansas City Chiefs,,75.31,,,,,,,,,,,,,,,,,,
Las Vegas Raiders,,28.57,,,,,,,,,,,,,,,,,,
Los Angeles Chargers,,75.61,,,,,,,,,,,,,,,,,,
Los Angeles Rams,,78.02,,,,,,,,,,,,,,,,,,
Miami Dolphins,,13.79,,,,,,,,,,,,,,,,,,
Minnesota Vikings,,34.48,,,,,,,,,,,,,,,,,,
New England Patriots,,70.41,,,,,,,,,,,,,,,,,,
New Orleans Saints,,23.81,,,,,,,,,,,,,,,,,,
New York Giants,,26.32,,,,,,,,,,,,,,,,,,
New York Jets,,37.04,,,,,,,,,,,,,,,,,,
Philadelphia Eagles,,75.31,,,,,,,,,,,,,,,,,,
Pittsburgh Steelers,,33.90,,,,,,,,,,,,,,,,,,
San Francisco 49ers,,90.48,,,,,,,,,,,,,,,,,,
Seattle Seahawks,,69.23,,,,,,,,,,,,,,,,,,
Tampa Bay Buccaneers,,80.39,,,,,,,,,,,,,,,,,,
Tennessee Titans,,28.99,,,,,,,,,,,,,,,,,,
Washington Commanders,,35.71,,,,,,,,,,,,,,,,,,
