team,1,2,3,4,5,6,7,8,9,10,11,Th,12,13,14,15,Ch,16,17,18
ARI,0.0,0.0,0.0,0.0,0.0,0.0,0.0,0.0,0.0,0.0,0.0,,0.0,0.0,,0.1,,0.0,0.2,0.0
ATL,0.0,0.0,0.0,0.0,0.0,0.0,0.0,0.0,0.0,0.0,,,0.0,0.0,4.4,0.0,,0.1,12.1,0.1
BAL,1.6,12.4,0.9,15.1,3.4,9.9,2.4,0.0,4.1,1.9,1.5,,0.5,,9.0,0.4,,15.0,0.2,6.8
BUF,0.3,1.8,1.2,0.2,0.0,12.7,,0.0,0.4,7.7,25.7,17.3,,0.0,0.0,0.6,18.2,,8.0,4.5
CAR,0.0,0.8,2.7,0.0,,0.0,0.2,0.0,0.0,0.1,0.0,,0.0,0.0,4.0,0.0,,0.0,0.0,3.6
CHI,1.3,3.3,0.1,19.7,0.0,0.4,0.1,0.0,0.9,,6.0,3.3,,3.6,38.2,0.0,17.3,,0.2,0.1
CIN,1.9,0.0,0.2,1.2,27.3,,0.0,11.4,1.1,1.1,0.4,,17.9,8.6,0.1,0.2,,0.6,0.0,15.9
CLE,0.0,0.0,0.0,0.0,0.1,0.0,0.0,0.0,0.0,0.0,,,3.6,0.0,0.0,0.0,,0.0,0.1,0.0
DAL,0.8,1.5,0.0,0.0,2.0,0.0,0.0,52.8,0.4,0.3,9.0,8.4,,0.0,,0.0,,0.6,9.9,0.7
DEN,0.0,0.4,0.0,0.0,0.0,0.0,33.0,0.0,0.1,,10.2,8.8,,36.1,2.4,0.8,4.3,,0.0,0.1
DET,14.2,0.0,33.8,0.2,12.2,,0.3,0.8,7.2,0.0,0.7,11.2,,0.7,7.4,0.0,,2.5,0.0,0.0
GB,0.0,1.7,4.7,0.0,0.3,0.3,0.0,3.0,0.0,1.5,,0.3,,4.0,0.1,71.5,5.9,,0.4,0.2
HOU,0.0,0.6,0.7,0.2,3.4,0.4,16.5,,0.0,6.6,4.2,,0.0,0.3,0.7,0.8,22.0,,0.0,21.5
IND,0.0,0.0,0.0,0.0,0.0,1.9,0.0,0.0,0.0,64.3,0.0,,0.6,,0.0,0.1,,0.0,2.8,0.1
JAC,35.4,0.0,0.0,0.0,0.0,0.0,,1.6,0.0,0.6,0.1,,19.1,0.0,0.8,0.0,,0.0,10.2,0.6
KC,0.8,5.6,16.9,3.0,,0.6,0.0,0.0,20.7,0.5,20.2,2.1,,0.0,0.0,0.1,,0.5,0.1,15.6
LAC,30.7,4.5,0.0,0.0,0.4,0.0,,0.0,0.2,0.0,19.3,,0.1,0.2,5.5,0.2,,13.8,0.3,0.1
LAR,1.0,6.2,0.7,0.1,2.0,42.3,13.2,1.4,1.1,7.3,,14.5,,0.9,0.1,0.4,2.5,,0.5,0.2
LV,3.0,0.0,0.0,0.0,0.0,0.0,0.0,0.1,0.0,0.0,0.0,,0.1,,0.0,0.0,,0.1,16.9,0.0
MIA,0.0,0.0,0.0,0.0,0.0,,0.0,0.0,0.0,0.0,0.0,,0.2,0.0,0.0,0.0,,0.0,0.0,0.0
MIN,0.2,0.0,0.0,35.3,0.2,,3.2,0.0,0.0,0.0,0.0,,2.5,3.4,0.0,0.0,,1.3,23.0,0.1
NE,0.0,3.4,0.2,0.0,40.5,16.7,0.0,4.1,0.2,0.0,,,0.0,0.2,2.9,0.0,,2.5,2.0,16.1
NO,0.0,0.0,6.5,0.1,0.0,0.0,0.0,,4.3,0.1,0.0,,0.0,0.0,0.0,0.0,,60.5,0.0,0.1
NYG,0.0,0.0,2.5,22.4,0.0,1.0,0.0,,0.0,0.2,0.0,,0.0,0.0,0.0,18.6,,0.0,0.0,0.0
NYJ,0.0,0.0,0.0,0.0,0.3,0.0,13.9,0.2,0.0,0.0,0.0,,1.1,,0.0,0.8,,0.0,0.0,0.0
PHI,5.4,5.5,0.1,0.0,1.1,10.6,1.1,0.6,6.3,,2.5,8.4,,35.9,9.4,0.1,13.8,,0.0,0.3
PIT,2.4,0.0,0.0,1.6,3.8,0.0,2.5,21.4,,0.0,0.0,25.8,,0.2,0.0,0.0,,1.8,9.2,0.0
SEA,0.2,1.2,1.5,0.7,2.0,0.2,1.0,1.2,43.7,7.9,,,0.2,3.3,15.0,0.0,10.0,,3.6,0.0
SF,0.0,26.0,26.3,0.1,0.0,2.3,0.3,,9.3,0.0,0.1,,0.0,0.7,0.0,0.0,,0.0,0.1,11.3
TB,0.0,24.9,1.0,0.0,0.0,0.7,0.2,1.3,0.0,,0.0,,3.7,0.3,0.0,4.5,,0.2,0.0,2.0
TEN,0.6,0.0,0.0,0.0,0.0,0.0,11.8,0.0,,0.0,0.0,,0.0,0.2,0.0,0.1,,0.4,0.1,0.0
WAS,0.0,0.0,0.0,0.1,0.8,0.0,,0.0,0.0,0.0,0.0,,50.3,1.1,0.0,0.6,,0.0,0.0,0.0
ENTRIES_ALIVE,20000.0,14939.1,11398.0,9013.0,7268.7,5696.6,4715.8,3269.8,2621.2,2158.6,1625.8,1363.2,748.0,510.3,399.9,293.1,235.6,107.6,83.5,51.9
