entry,1,2,3,4,5,6,7,8,9,10,11,Th,12,13,14,15,Ch,16,17,18
entry_01,LAR,CHI,BUF,SEA,DAL,IND,BAL,DET,CIN,KC,PHI,DEN,MIN,SF,JAC,HOU,GB,PIT,NE,CAR
entry_02,LAR,NE,SEA,CIN,BAL,SF,MIN,PHI,CHI,GB,DET,KC,TB,DEN,HOU,LAC,BUF,DAL,IND,CAR
entry_03,LAR,CHI,NYG,PIT,SEA,SF,BAL,TB,NO,CIN,DET,PHI,CLE,MIN,DEN,BUF,GB,KC,DAL,NE
entry_04,LAR,DAL,BUF,CIN,SEA,IND,MIN,JAC,BAL,KC,HOU,DET,CLE,CHI,NE,DEN,PHI,LAC,GB,SF
entry_05,LAR,PHI,SEA,KC,HOU,IND,TEN,TB,CHI,BAL,DAL,BUF,MIN,DET,LAC,CIN,DEN,NE,GB,SF
entry_06,LAR,NE,CAR,SEA,PIT,BAL,NYJ,JAC,CIN,GB,CHI,DAL,TB,DET,DEN,KC,PHI,MIN,BUF,HOU
entry_07,DAL,CHI,SEA,CIN,LAR,BAL,HOU,DET,PHI,KC,DEN,PIT,JAC,GB,CAR,WAS,BUF,MIN,NE,SF
entry_08,KC,CHI,BUF,PIT,BAL,PHI,LAR,SEA,CIN,GB,DAL,DET,MIN,SF,HOU,WAS,DEN,NE,JAC,CAR
entry_09,DAL,NE,BUF,KC,SEA,SF,BAL,LAR,DET,HOU,PHI,CHI,CIN,GB,ATL,LAC,DEN,MIN,PIT,CAR
entry_10,KC,NE,NYG,SEA,LAR,IND,MIN,GB,CHI,CIN,BAL,PHI,JAC,SF,DET,DEN,BUF,DAL,ATL,HOU
