Team,Abbr,ESPN_panel,Sportsnaut,NFL_Spin_Zone,SI_betting,ESPN_FPI,Sporting_News,Sharp_Football,FanSided,USA_Today,Athletic,PFN_camp,Yahoo_Schwab,BR_camp,OTL_Sports,NFL_com
Arizona Cardinals,ARI,30,29,30,32,31,28,30,31,31,30,32,30,31,31,26
Atlanta Falcons,ATL,26,28,26,26,24,30,28,29,25,24,23,26,26,24,25
Baltimore Ravens,BAL,8,4,11,3,4,6,8,8,13,16,5,7,13,6,6
Buffalo Bills,BUF,3,6,4,6,2,2,2,7,4,3,3,3,4,7,5
Carolina Panthers,CAR,23,24,22,22,26,27,22,16,24,22,26,23,20,23,23
Chicago Bears,CHI,12,16,7,11,17,3,17,4,5,12,7,11,10,8,10
Cincinnati Bengals,CIN,16,15,18,17,12,14,11,11,8,14,13,17,15,13,8
Cleveland Browns,CLE,31,32,32,30,30,32,31,30,27,27,29,29,30,27,28
Dallas Cowboys,DAL,15,12,15,15,11,17,16,10,9,13,16,8,18,17,11
Denver Broncos,DEN,4,7,3,7,15,11,6,3,3,2,6,4,3,2,2
Detroit Lions,DET,11,9,10,9,8,16,14,18,10,10,10,6,12,5,14
Green Bay Packers,GB,7,10,8,10,7,15,4,14,14,15,9,15,14,12,13
Houston Texans,HOU,10,3,5,14,13,13,7,13,6,6,11,10,5,3,9
Indianapolis Colts,IND,19,23,16,20,19,24,21,24,29,21,21,21,22,18,19
Jacksonville Jaguars,JAX,17,14,12,13,16,12,15,12,15,11,14,16,8,15,7
Kansas City Chiefs,KC,13,17,17,8,9,5,13,5,12,18,15,12,17,19,15
Las Vegas Raiders,LV,27,25,29,29,28,25,29,26,28,26,28,27,25,29,31
Los Angeles Chargers,LAC,14,11,13,16,6,10,5,9,16,8,19,14,11,14,17
Los Angeles Rams,LAR,1,1,1,1,1,1,1,1,1,1,1,1,1,1,1
Miami Dolphins,MIA,32,31,31,31,32,31,32,27,32,32,30,32,32,32,32
Minnesota Vikings,MIN,22,19,24,19,20,21,19,17,17,20,22,19,21,20,18
New England Patriots,NE,6,8,6,5,14,9,10,15,11,4,8,5,6,11,12
New Orleans Saints,NO,25,21,23,24,25,22,25,21,20,25,24,24,23,25,21
New York Giants,NYG,24,22,21,25,23,19,24,25,23,28,25,25,27,30,27
New York Jets,NYJ,29,30,27,28,29,29,27,28,30,31,31,31,29,26,30
Philadelphia Eagles,PHI,5,5,9,4,10,7,9,6,19,9,12,9,7,10,4
Pittsburgh Steelers,PIT,21,20,20,21,21,18,20,22,21,17,20,20,19,21,20
San Francisco 49ers,SF,9,13,14,12,5,8,12,19,7,7,4,13,9,9,16
Seattle Seahawks,SEA,2,2,2,2,3,4,3,2,2,5,2,2,2,4,3
Tampa Bay Buccaneers,TB,18,18,19,18,18,23,18,20,22,19,17,22,16,16,22
Tennessee Titans,TEN,28,27,28,27,27,26,26,32,26,29,27,28,28,28,24
Washington Commanders,WAS,20,26,25,23,22,20,23,23,18,23,18,18,24,22,29
