team,pred_share,actual_share,implied_win_prob
ARI,1.2298709884063643e-08,8e-05,0.20177487149630038
ATL,2.5174136625841117e-05,4e-05,0.3759752611730754
BAL,0.01588857867199215,0.00444,0.6240247388269247
BUF,0.0029551833743950043,8e-05,0.554073413016522
CAR,2.47574541445173e-05,0.00016,0.3931034082809728
CHI,0.013122213002648207,0.00512,0.6068965917190272
CIN,0.019217247754268748,0.014041,0.6240247388269247
CLE,3.2296374414264757e-08,0.00016,0.226098092127313
DAL,0.00839120296768392,0.00324,0.6068965917190272
DEN,1.572558857645643e-05,0.00028,0.3931034082809728
DET,0.1417409808041867,0.070843,0.7336719810356634
GB,0.00010201263968686253,8e-05,0.445926586983478
HOU,0.00012323136418605605,0.0004,0.445926586983478
IND,6.610465498464625e-06,0.00028,0.3759752611730754
JAC,0.3543949853989359,0.325093,0.773901907872687
KC,0.00793961421157494,0.00092,0.6068965917190272
LAC,0.30659977082380385,0.303412,0.7982251285036998
LAR,0.009645250511524784,0.00196,0.6240247388269247
LV,0.030399349580976957,0.052322,0.6068965917190272
MIA,7.685201571847812e-05,0.00108,0.3931034082809728
MIN,0.002439689946645761,0.003,0.554073413016522
NE,0.00012440922331929835,0.001,0.445926586983478
NO,1.1920205921314905e-07,4e-05,0.26632801896433655
NYG,1.0428662997451565e-05,0.0004,0.3931034082809728
NYJ,0.0002748215568232306,0.00356,0.445926586983478
PHI,0.05369729394538896,0.031361,0.6891589978565722
PIT,0.02414967137836856,0.160526,0.6240247388269247
SEA,0.0024996114772730723,0.00696,0.554073413016522
SF,7.22312618492361e-06,0.0004,0.3759752611730754
TB,1.381951950181276e-05,0.0002,0.3759752611730754
TEN,0.006113259074484318,0.00852,0.554073413016522
WAS,8.675254409159297e-07,0.0,0.3108410021434278
