team,pred_share,uncond_share,implied_win_prob
SF,0.3047006607045309,0.3038532597877567,0.875913203884124
TB,0.2923974878736724,0.29133888233821437,0.773901907872687
BAL,0.10645796043828966,0.10685061621509714,0.773901907872687
LAC,0.09125240026822662,0.09092202706033713,0.7336719810356634
PHI,0.04524369827702494,0.04736383293794874,0.7336719810356634
LAR,0.03586144254614909,0.03573160859352105,0.7336719810356634
KC,0.034913122742187365,0.03483536227205173,0.7192919937821205
CHI,0.024427728567870125,0.024527872884228086,0.6891589978565722
NE,0.01874905935504819,0.018681179640479363,0.6891589978565722
CAR,0.009204876645686613,0.009171551005847744,0.5895014448764232
GB,0.008832778331956727,0.00880079984916013,0.657332315733495
BUF,0.008550550342272284,0.008520600728695288,0.657332315733495
DAL,0.00785933199272295,0.007830877807248659,0.657332315733495
SEA,0.005566504573264036,0.005603805515950849,0.657332315733495
HOU,0.004199172219601526,0.004183969397619722,0.5895014448764232
DEN,0.0017540803744997696,0.0017477298438995231,0.5895014448764232
ATL,1.2753632683457028e-05,1.270745900989236e-05,0.4104985551235768
JAC,7.501640434244362e-06,1.4269581534745064e-05,0.4104985551235768
CIN,5.970648391037287e-06,6.073951269602747e-06,0.4104985551235768
ARI,1.3943705648868252e-06,1.389485168929026e-06,0.34266768426650496
WAS,5.388193568040223e-07,5.368685973844223e-07,0.34266768426650496
NYJ,4.871434591302524e-07,4.879242203888307e-07,0.34266768426650496
DET,2.740263566237214e-07,3.0464713573044495e-07,0.34266768426650496
PIT,8.949057994581865e-08,1.165782093565428e-07,0.3108410021434278
MIN,5.2470658944795595e-08,5.251145401722449e-08,0.3108410021434278
LV,3.5112932509550235e-08,3.7889676220628306e-08,0.26632801896433655
IND,2.0115350196653298e-08,2.0042523917537038e-08,0.28070800621787956
TEN,1.0709439484022541e-08,1.0670666675124192e-08,0.26632801896433655
NYG,9.576945412208352e-09,9.54786713560071e-09,0.26632801896433655
CLE,5.697772054577946e-09,5.677143652192435e-09,0.226098092127313
NO,1.2649210095812257e-09,1.2603414477237365e-09,0.226098092127313
MIA,2.7180354421884392e-11,2.7124861838871008e-11,0.12408679611587599
