burned,team,win_prob,crowd,leverage,spread,n_tickets
JAC,SEA,0.657332315733495,0.005566504573264036,3.214125996497129,-4.5,4
JAC,DAL,0.657332315733495,0.00785933199272295,2.972671984487497,-4.5,4
JAC,BUF,0.657332315733495,0.008550550342272284,2.9136661608497785,-4.5,4
JAC,GB,0.657332315733495,0.008832778331956727,2.8909343863219097,-4.5,4
JAC,NE,0.6891589978565722,0.01874905935504819,2.4113449184174054,-5.5,4
JAC,CHI,0.6891589978565722,0.024427728567870125,2.2261421941687347,-5.5,4
PIT,SEA,0.657332315733495,0.005566504573264036,3.214125996497129,-4.5,2
PIT,DAL,0.657332315733495,0.00785933199272295,2.972671984487497,-4.5,2
PIT,BUF,0.657332315733495,0.008550550342272284,2.9136661608497785,-4.5,2
PIT,GB,0.657332315733495,0.008832778331956727,2.8909343863219097,-4.5,2
PIT,NE,0.6891589978565722,0.01874905935504819,2.4113449184174054,-5.5,2
PIT,CHI,0.6891589978565722,0.024427728567870125,2.2261421941687347,-5.5,2
LV,SEA,0.657332315733495,0.005566504573264036,3.214125996497129,-4.5,2
LV,DAL,0.657332315733495,0.00785933199272295,2.972671984487497,-4.5,2
LV,BUF,0.657332315733495,0.008550550342272284,2.9136661608497785,-4.5,2
LV,GB,0.657332315733495,0.008832778331956727,2.8909343863219097,-4.5,2
LV,NE,0.6891589978565722,0.01874905935504819,2.4113449184174054,-5.5,2
LV,CHI,0.6891589978565722,0.024427728567870125,2.2261421941687347,-5.5,2
