team,circa_share,public_base,available,implied_win_prob,leverage
DAL,0.40745,0.39127,0.9956,0.7914,0.394
CIN,0.24981,0.24387,0.9794,0.7409,0.671
HOU,0.16675,0.15944,1.0000,0.7508,0.967
DET,0.05007,0.06148,0.7786,0.6854,1.718
NE,0.03969,0.03899,0.9734,0.6369,1.807
CLE,0.02081,0.01994,0.9977,0.4675,1.950
DEN,0.01755,0.01679,0.9993,0.6225,2.356
JAC,0.01085,0.02099,0.4941,0.7478,2.876
MIN,0.00826,0.01469,0.5373,0.5325,2.727
NYG,0.00544,0.00525,0.9911,0.3836,2.692
BAL,0.00511,0.00840,0.5814,0.3836,2.736
CHI,0.00431,0.00420,0.9817,0.5721,3.254
ATL,0.00329,0.00315,0.9985,0.6164,3.518
PIT,0.00258,0.00315,0.7820,0.5721,3.615
TB,0.00055,0.00052,1.0000,0.2086,3.268
LAC,0.00055,0.00052,1.0000,0.3775,3.861
NO,0.00055,0.00052,1.0000,0.4675,4.075
MIA,0.00055,0.00052,1.0000,0.2591,3.485
ARI,0.00055,0.00052,1.0000,0.3146,3.679
WAS,0.00055,0.00052,1.0000,0.6164,4.352
TEN,0.00055,0.00052,1.0000,0.2492,3.446
NYJ,0.00055,0.00052,0.9967,0.5325,4.205
GB,0.00054,0.00052,0.9811,0.4279,3.987
LAR,0.00054,0.00052,0.9809,0.5934,4.313
IND,0.00053,0.00052,0.9727,0.4279,3.987
LV,0.00051,0.00052,0.9282,0.3631,3.822
BUF,0.00051,0.00052,0.9246,0.4066,3.936
SEA,0.00050,0.00052,0.9089,0.5830,4.296
PHI,0.00047,0.00052,0.8480,0.2522,3.458
SF,0.00006,0.00052,0.1157,0.4170,3.961
