Team,Abbr,SI_betting
Arizona Cardinals,ARI,50000
Atlanta Falcons,ATL,13000
Baltimore Ravens,BAL,1000
Buffalo Bills,BUF,1000
Carolina Panthers,CAR,9000
Chicago Bears,CHI,2400
Cincinnati Bengals,CIN,1800
Cleveland Browns,CLE,20000
Dallas Cowboys,DAL,2500
Denver Broncos,DEN,2000
Detroit Lions,DET,1900
Green Bay Packers,GB,2000
Houston Texans,HOU,1800
Indianapolis Colts,IND,6000
Jacksonville Jaguars,JAX,3000
Kansas City Chiefs,KC,1600
Las Vegas Raiders,LV,15000
Los Angeles Chargers,LAC,1700
Los Angeles Rams,LAR,500
Miami Dolphins,MIA,35000
Minnesota Vikings,MIN,5000
New England Patriots,NE,1800
New Orleans Saints,NO,9000
New York Giants,NYG,7000
New York Jets,NYJ,20000
Philadelphia Eagles,PHI,1700
Pittsburgh Steelers,PIT,5000
San Francisco 49ers,SF,1900
Seattle Seahawks,SEA,1200
Tampa Bay Buccaneers,TB,5500
Tennessee Titans,TEN,13000
Washington Commanders,WAS,6000
