Rank,Team,Abbr
1,Los Angeles Rams,LAR
2,Seattle Seahawks,SEA
3,Denver Broncos,DEN
4,Houston Texans,HOU
5,Buffalo Bills,BUF
6,New England Patriots,NE
7,Baltimore Ravens,BAL
8,Philadelphia Eagles,PHI
9,Los Angeles Chargers,LAC
10,Cincinnati Bengals,CIN
11,Jacksonville Jaguars,JAX
12,Green Bay Packers,GB
13,Kansas City Chiefs,KC
14,Dallas Cowboys,DAL
15,San Francisco 49ers,SF
16,Detroit Lions,DET
17,Chicago Bears,CHI
18,Tampa Bay Buccaneers,TB
19,Pittsburgh Steelers,PIT
20,Indianapolis Colts,IND
21,Minnesota Vikings,MIN
22,Carolina Panthers,CAR
23,New Orleans Saints,NO
24,New York Giants,NYG
25,Atlanta Falcons,ATL
26,Las Vegas Raiders,LV
27,Arizona Cardinals,ARI
28,Tennessee Titans,TEN
29,Washington Commanders,WAS
30,New York Jets,NYJ
31,Cleveland Browns,CLE
32,Miami Dolphins,MIA
