Rank,Team,Abbr,Avg,Best,Worst,Std,JuneRank,Sep1Rank,Sep9Rank,RankDelta
1,Buffalo Bills,BUF,2.17,1,4,1.07,3,3,3,2
2,Baltimore Ravens,BAL,3.67,1,6,1.80,5,5,4,2
3,Chicago Bears,CHI,5.00,2,9,2.77,10,9,16,13
4,San Francisco 49ers,SF,5.33,1,10,2.75,7,10,14,10
5,Seattle Seahawks,SEA,6.33,1,27,9.30,2,2,2,-3
6,Los Angeles Rams,LAR,6.83,4,11,2.67,1,1,1,-5
7,Jacksonville Jaguars,JAX,7.33,2,13,3.77,15,15,12,5
8,Kansas City Chiefs,KC,8.17,4,12,2.48,12,14,11,3
9,Philadelphia Eagles,PHI,8.33,6,13,2.43,8,6,6,-3
10,Cincinnati Bengals,CIN,9.50,6,15,2.99,16,16,15,5
11,Houston Texans,HOU,10.83,4,16,3.93,9,7,8,-3
12,New England Patriots,NE,12.17,9,19,3.34,6,8,7,-5
13,Denver Broncos,DEN,12.33,8,20,3.94,4,4,5,-8
14,Detroit Lions,DET,12.83,11,15,1.34,13,11,17,3
15,Minnesota Vikings,MIN,15.50,13,18,1.61,21,19,18,3
16,Green Bay Packers,GB,16.50,14,20,2.57,11,12,13,-3
17,New York Giants,NYG,16.67,16,18,0.75,24,25,22,5
18,Dallas Cowboys,DAL,17.33,9,22,4.38,17,17,10,-8
19,Pittsburgh Steelers,PIT,18.00,13,21,2.94,19,20,21,2
20,Los Angeles Chargers,LAC,19.50,15,23,2.43,14,13,9,-11
21,Tampa Bay Buccaneers,TB,21.50,17,26,3.35,18,18,19,-2
22,New Orleans Saints,NO,22.50,19,25,2.14,25,24,24,2
23,Arizona Cardinals,ARI,22.83,18,26,2.85,31,31,30,7
24,Indianapolis Colts,IND,23.33,21,27,2.05,22,21,20,-4
25,Washington Commanders,WAS,24.33,19,28,2.87,23,22,25,0
26,Carolina Panthers,CAR,25.00,23,28,1.73,20,23,23,-3
27,New York Jets,NYJ,26.17,22,28,1.95,30,29,29,2
28,Las Vegas Raiders,LV,27.00,21,29,2.77,28,28,28,0
29,Atlanta Falcons,ATL,28.33,24,31,2.13,26,26,26,-3
30,Tennessee Titans,TEN,29.83,29,30,0.37,27,27,27,-3
31,Miami Dolphins,MIA,31.33,30,32,0.75,32,32,32,1
32,Cleveland Browns,CLE,31.50,31,32,0.50,29,30,31,-1
