team,n,share,share_pct
JAGUARS,8127,0.325093,32.51
CHARGERS,7585,0.303412,30.34
STEELERS,4013,0.160526,16.05
LIONS,1771,0.070843,7.08
RAIDERS,1308,0.052322,5.23
EAGLES,784,0.031361,3.14
BENGALS,351,0.014041,1.40
TITANS,213,0.008520,0.85
SEAHAWKS,174,0.006960,0.70
BEARS,128,0.005120,0.51
RAVENS,111,0.004440,0.44
JETS,89,0.003560,0.36
COWBOYS,81,0.003240,0.32
VIKINGS,75,0.003000,0.30
RAMS,49,0.001960,0.20
DOLPHINS,27,0.001080,0.11
PATRIOTS,25,0.001000,0.10
CHIEFS,23,0.000920,0.09
TEXANS,10,0.000400,0.04
GIANTS,10,0.000400,0.04
49ERS,10,0.000400,0.04
COLTS,7,0.000280,0.03
BRONCOS,7,0.000280,0.03
BUCS,5,0.000200,0.02
BROWNS,4,0.000160,0.02
PANTHERS,4,0.000160,0.02
CARDINALS,2,0.000080,0.01
PACKERS,2,0.000080,0.01
BILLS,2,0.000080,0.01
FALCONS,1,0.000040,0.00
SAINTS,1,0.000040,0.00
