team,win_total,over_price,under_price,source,as_of_note
ARI,3.5,-136,+115,DraftKings via FOX Sports,2026-09-09
ATL,7.5,+120,-140,DraftKings via FOX Sports,2026-09-09
BAL,11.5,+115,-140,DraftKings via FOX Sports,2026-09-09
BUF,10.5,-120,+100,DraftKings via FOX Sports,2026-09-09
CAR,7.5,+115,-136,DraftKings via FOX Sports,2026-09-09
CHI,9.5,+105,-125,DraftKings via FOX Sports,2026-09-09
CIN,10.5,+115,-140,DraftKings via FOX Sports,2026-09-09
CLE,5.5,-125,+105,DraftKings via FOX Sports,2026-09-09
DAL,9.5,+100,-120,DraftKings via FOX Sports,2026-09-09
DEN,9.5,-115,-105,DraftKings via FOX Sports,2026-09-09
DET,10.5,-110,-110,DraftKings via FOX Sports,2026-09-09
GB,9.5,-130,+110,DraftKings via FOX Sports,2026-09-09
HOU,9.5,-146,+124,DraftKings via FOX Sports,2026-09-09
IND,7.5,-140,+115,DraftKings via FOX Sports,2026-09-09
JAC,8.5,-140,+115,DraftKings via FOX Sports,2026-09-09
KC,10.5,+115,-140,DraftKings via FOX Sports,2026-09-09
LAC,9.5,-140,+115,DraftKings via FOX Sports,2026-09-09
LAR,11.5,-125,+105,DraftKings via FOX Sports,2026-09-09
LV,5.5,-150,+125,DraftKings via FOX Sports,2026-09-09
MIA,3.5,-140,+110,DraftKings via FOX Sports,2026-09-09
MIN,8.5,-120,+100,DraftKings via FOX Sports,2026-09-09
NE,10.5,+115,-140,DraftKings via FOX Sports,2026-09-09
NO,7.5,-120,+100,DraftKings via FOX Sports,2026-09-09
NYG,7.5,-110,-110,DraftKings via FOX Sports,2026-09-09
NYJ,5.5,-120,+100,DraftKings via FOX Sports,2026-09-09
PHI,10.5,+115,-140,DraftKings via FOX Sports,2026-09-09
PIT,8.5,+110,-130,DraftKings via FOX Sports,2026-09-09
SEA,10.5,-115,-105,DraftKings via FOX Sports,2026-09-09
SF,9.5,-146,+120,DraftKings via FOX Sports,2026-09-09
TB,8.5,+115,-136,DraftKings via FOX Sports,2026-09-09
TEN,6.5,+100,-120,DraftKings via FOX Sports,2026-09-09
WAS,7.5,+105,-125,DraftKings via FOX Sports,2026-09-09
