game_date,kickoff_et,away_team,home_team,spread_favorite,spread_line,total_line,source,as_of_note
2026-09-09,20:20,NE,SEA,SEA,-1.5,29.5,The Odds API DraftKings,2026-09-09
2026-09-10,20:35,SF,LAR,LAR,-3.5,48.5,The Odds API DraftKings,2026-09-09
2026-09-13,13:00,CHI,CAR,CHI,-3.0,46.5,The Odds API DraftKings,2026-09-09
2026-09-13,13:00,TB,CIN,CIN,-3.5,50.5,The Odds API DraftKings,2026-09-09
2026-09-13,13:00,NO,DET,DET,-7.0,49.5,The Odds API DraftKings,2026-09-09
2026-09-13,13:00,BUF,HOU,BUF,-1.5,44.5,The Odds API DraftKings,2026-09-09
2026-09-13,13:00,BAL,IND,BAL,-3.5,47.5,The Odds API DraftKings,2026-09-09
2026-09-13,13:00,CLE,JAC,JAC,-8.5,40.5,The Odds API DraftKings,2026-09-09
2026-09-13,13:00,ATL,PIT,PIT,-3.5,42.5,The Odds API DraftKings,2026-09-09
2026-09-13,13:00,NYJ,TEN,TEN,-1.5,38.5,The Odds API DraftKings,2026-09-09
2026-09-13,16:25,WAS,PHI,PHI,-5.5,44.5,The Odds API DraftKings,2026-09-09
2026-09-13,16:25,GB,MIN,MIN,-1.5,46.5,The Odds API DraftKings,2026-09-09
2026-09-13,16:25,ARI,LAC,LAC,-9.5,47.5,The Odds API DraftKings,2026-09-09
2026-09-13,16:25,MIA,LV,LV,-3.0,40.5,The Odds API DraftKings,2026-09-09
2026-09-13,20:20,DAL,NYG,DAL,-3.0,48.5,The Odds API DraftKings,2026-09-09
2026-09-14,20:15,DEN,KC,KC,-3.0,43.5,The Odds API DraftKings,2026-09-09
