Rank,Team,Abbr,SB_odds
1,Los Angeles Rams,LAR,550
2,Buffalo Bills,BUF,1000
3,Seattle Seahawks,SEA,1100
4,Green Bay Packers,GB,1800
5,Los Angeles Chargers,LAC,1700
6,Denver Broncos,DEN,2000
7,Houston Texans,HOU,1800
8,Baltimore Ravens,BAL,1000
9,Philadelphia Eagles,PHI,1600
10,New England Patriots,NE,1600
11,Cincinnati Bengals,CIN,2000
12,San Francisco 49ers,SF,1900
13,Kansas City Chiefs,KC,1600
14,Detroit Lions,DET,1900
15,Jacksonville Jaguars,JAX,3000
16,Dallas Cowboys,DAL,2500
17,Chicago Bears,CHI,2400
18,Tampa Bay Buccaneers,TB,5000
19,Minnesota Vikings,MIN,5000
20,Pittsburgh Steelers,PIT,5000
21,Indianapolis Colts,IND,6000
22,Carolina Panthers,CAR,9000
23,Washington Commanders,WAS,6000
24,New York Giants,NYG,7000
25,New Orleans Saints,NO,9000
26,Tennessee Titans,TEN,13000
27,New York Jets,NYJ,20000
28,Atlanta Falcons,ATL,13000
29,Las Vegas Raiders,LV,15000
30,Arizona Cardinals,ARI,50000
31,Cleveland Browns,CLE,20000
32,Miami Dolphins,MIA,35000
