year_won,handle,in_2026,matched_owner,n_entries,week1_teams
2020,* THE NUT SQUIRRELS,NO,,0,
2020,7- Out,NO,,0,
2020,Artie Blanco,YES,ARTIEBLANCO,4,"JAGUARS 2, CHARGERS 1, STEELERS 1"
2020,BALD RAZORS,YES,Bald Razors,10,"JAGUARS 4, CHARGERS 4, STEELERS 1, RAIDERS 1"
2020,BOBBYT,YES,BOBBY T,10,"JAGUARS 6, CHARGERS 2, LIONS 2"
2020,BOYCOTT 8 PCT,NO,,0,
2020,CLARKGRIZWOLD,NO,,0,
2020,COLTS45,NO,,0,
2020,DaliBones,NO,,0,
2020,EX-FINANCE,NO,,0,
2020,Golfing in Hell,NO,,0,
2020,JakestroJans,NO,,0,
2020,Joncon16,NO,,0,
2020,LoveMyBaxter,YES,Love My Baxter,10,EAGLES 10
2020,MK INVEST,NO,,0,
2020,Mucked Nuts.,YES,MUCKED NUTS,10,"JAGUARS 4, CHARGERS 3, STEELERS 3"
2020,PICKSWCLARS24,NO,,0,
2020,PLAYIN N STAYIN,YES,PLAYIN N STAYING,6,"CHARGERS 2, STEELERS 2, JAGUARS 2"
2020,PRESENCE,NO,,0,
2020,Pauline Park,NO,,0,
2020,Practice Squad QB,NO,,0,
2020,ROBERTRUTTER,NO,,0,
2020,Rip Wheeler,NO,,0,
2020,SHAMWOW.,NO,,0,
2020,Slick Rick11,YES,SLICK RICK 11,3,JAGUARS 3
2020,Staying Alive,NO,,0,
2020,Sting,NO,,0,
2020,THAWK,NO,,0,
2020,TIM'S SUNSCREEN,YES,Tim's Sunscreen,10,"CHARGERS 5, JAGUARS 5"
2020,Texas Bound.,NO,,0,
2020,WHAT IS FOOTBALL?,NO,,0,
2020,WHERE'S LUNCH,NO,,0,
2020,pointsonthepackage,YES,POINTSONTHEPACKAGE,5,"STEELERS 2, CHARGERS 2, JAGUARS 1"
2021,CHRIS PIPER,NO,,0,
2021,MYCOOL,NO,,0,
2021,On Top 247,YES,ONTOP247,2,"JAGUARS 1, CHARGERS 1"
2021,RETURN OF SURVIVOR,NO,,0,
2021,SYRACUSE HAWKEYES,NO,,0,
2022,BROWNA,YES,browna,10,"STEELERS 3, JAGUARS 2, CHARGERS 2, DOLPHINS 1, LIONS 1, BEARS 1"
2022,JED,YES,JED,10,STEELERS 10
2023,CIRCUS MASTER,YES,CIRCUS MASTER,4,"STEELERS 2, VIKINGS 1, JETS 1"
2023,IndianaJet,YES,INDIANAJET,7,"EAGLES 3, STEELERS 3, JAGUARS 1"
2023,JAX JAGS,YES,JAX JAGS,10,"JAGUARS 4, CHARGERS 4, STEELERS 2"
2023,LAJONESER,YES,LAJONESER,10,"CHARGERS 8, RAIDERS 1, JAGUARS 1"
2024,C3 Picks,YES,C3 Picks,10,STEELERS 10
2024,DREAM STAKES,YES,DREAM STAKES,10,"STEELERS 4, JAGUARS 4, RAIDERS 2"
2024,MEATBALL BROTHERS,YES,MEATBALL BROTHERS,10,"CHARGERS 4, JAGUARS 4, RAIDERS 2"
2024,PUMBAPACK9,YES,PUMBAPACK9,10,"STEELERS 4, EAGLES 2, TITANS 1, JAGUARS 1, CHARGERS 1, RAIDERS 1"
2024,TY1823,NO,,0,
2024,VODKA JOHNNY,YES,VODKA JOHNNY,10,"CHARGERS 4, JAGUARS 3, RAIDERS 1, LIONS 1, STEELERS 1"
2024,WHATEVERYALLWANT,YES,WhateverYallWant,10,"STEELERS 7, JAGUARS 2, RAIDERS 1"
2024,Whiskey Business,YES,WHISKEY BUSINESS,6,"JAGUARS 3, CHARGERS 2, STEELERS 1"
2025,DYLAN W,YES,DYLAN W,10,JAGUARS 10
2025,GaryA,YES,GARYA,10,"STEELERS 6, CHARGERS 4"
2025,JUICY KEWCHI,YES,JUICY KEwchi,10,"BENGALS 4, BEARS 3, VIKINGS 2, RAIDERS 1"
2025,KICK YOUR KNEES UP,NO,,0,
2025,REAL BRO,YES,REAL BRO,10,CHARGERS 10
